address,amount
0x9c38688e5acb9ed6049c8502650db5ac8ef96465,18674596.323675626474818584
0xd102ba5d9e57258ca565e05da72e3716b01b9e8c,413704.912379609711207420
0x5b9233e8a366d3b4b1654db7a6a3ddd45d1876ab,215000.000000000000000000
0xa6d0416bcfc0d8cb2db8c565c1488771912e0158,208578.447233775819118302
0xe8ccda8e85da5f76696e2fb06d7db8c2e8098144,201449.958631916066640814
0x00db61875511c11e07ebe53edf787717410fc916,201000.000000000000000000
0xe71a6765166dd19e2adbb4c91e047fbb57efb715,200000.000000000000000000
0xa0007237fcd3fbd6b95754f54168614a90f446c9,193374.689463568568030684
0x3369abda5a53c19bbab3f52a8713bb3af3e7992f,181321.269078427036458392
0xe0ca06b6edf74ca15051f1293957428b34577666,171348.999999999999998950
0x97a7662a93f8f95233838089ead7f422bd9fdebe,160861.940419744944923693
0xe59f8bc9eda406b46b924571b081e135a727b5ec,156622.411109252464048354
0x9bf605b52e88354eb15b46697f88c6860a11af25,150072.306384168942635127
0x3062e9f07e50127a4e6b307445121e9b1601b5c8,142727.492622172430303164
0xfc592c706dd22bb06f935a19299ec4cc16394774,127446.045213083019693570
0xceea25948effa6006216886b54a50ef65b1e2507,100000.000000000000000000
0x81add34137675f0b27f6305646eaac1c129c5aa7,90106.791026017939972360
0x87c46eda77de4beaf48fff626b8f61326e123af1,82549.744626292673464799
0xc01da44d90cb7c655b605656bad8a077d2ed6656,77496.958925807406827849
0x6333f82591b33daa712ea28e8d4f91432fef142c,74124.540700690000000000
0xaef91bfc42756c18322dcec45c2b987cfda1fb4b,69986.018690697176427797
0x4a4d944301507a175824de2dae490e9aeca5c347,64999.999999999999998180
0xd82b527828e650ff8d7ce8d82729add19687dd6f,57237.583333333333333326
0x666ee401fc1a7aeb10b98f26908c6ca125edb925,55919.075092448094200418
0x7a6d81f38cfebcc40a08128a848d96113eac70ed,53419.267120031530953103
0x26a85cfb94fb0c6424dd7ffceb18c6eb98833feb,53204.708323828594110999
0xb50a9b583fcfe7da041b5db8bf2b876ef3812c6d,52223.491024091544819446
0xdd8c68665e08f15beb7c6a0f5305fc8a9b7b9f6b,52175.879973299999997000
0x546a0cb802377153b4feae052a5ed14c98b3cc9c,50499.481263536057047359
0x07cad52604a7265cf37290a3db418f4b2d390ab4,50202.609188306219228637
0x74ede5dd6ae522dcadf09749a958d78d2c399db8,50119.610506441268077845
0x59b2f9fcf70c128c02ff7825375abe1260bfc339,50086.357406686911362641
0x02e59662c4bb7c24f4738d3d44425a387f6387d9,49446.093419990617600844
0x37c35e3eff4de8646b263142a1ee3d41b85d1cbf,44006.865192600000000000
0x68131029980acdaa510fc988178515d2a9e0f689,40001.319335021157829668
0x844afe78745d6921f3d44483e9e63e90811c5e52,33541.991883904533494134
0x236fd176250697ad01e4f3f45068cc2a3e53f855,32994.352927393259393073
0xbdb83938ad1cf4fac0913ecc770d37a943bdb334,32585.051483648305587762
0x907866219db0a1b913f19339ccaf340c2144676c,31425.380985858712079871
0x7f24a333b3ab7ad3fa334400c423c7f53104ab02,30949.618156265922520131
0x52232cfeb58bf7b6d4e8e767ad3ac232e1497432,30252.012274227641751675
0x8185dc1e2c9c5fd5a91b08712866cd976ca19955,28629.999999999999996165
0x4b1cde6a2806878fd3b30c489a86cebf88fa3052,27889.195431191088470775
0xd4bb815a5ee2154339e9d65271f62a1462442641,27318.540681660159123151
0x172795a320443beae80a08e5bf9b085e8c3b754e,26879.286857808679764372
0xab821a44bc5213144d3e85725e42b3b9d3b620e0,26500.000000000000000000
0xfcb5d6b768a86155987cc399670cae92c5a2602e,26108.190967823575432832
0x99b613b7bc72762812cbcedb23794aee1fea23a4,25381.233196232618491660
0x56175eee7c721800ef0bbff18235df97329cfdef,25292.712600640108954752
0xae20a4f057acdd672bb51071d52321d8a7565d1b,25000.000000000000000000
0x0798bceafc70517524689fda2f14849b63cfe53c,24731.732102140955693369
0xf13f87ef173bc09224b8b78d3e97031065e77c56,24472.801697430000000000
0x94a603ead33996cc7f7e367a0d757efddcdb83fb,24205.414688876525151856
0x4f4538e2553c61bce747f73c5fe8133d4b383dda,24105.332050686631249387
0xe89ce3dd908a006c079cf44485bce345cc8f955e,24099.229649134099602836
0x0f2acaa50fb36c97d4574032742c1b294d5d03a6,23586.000000000000000000
0x75d5b1fcbed30df49628069d63e986dca5c188ec,23367.742176492085037051
0x9d78f07fc27fb0166d8f81dc84bb60ca9447271b,23287.607352919576687962
0xee95b6730306ef5fdbb624d4ced80795975e9701,22641.741831230000000000
0x76ecc8b71178774e09881294f95ffd72ffc61f82,22478.519459490126702609
0x697783765705c47fbf92d38866042889d520fef0,22372.859625400000000000
0x984c2d21287a4fa1fdf637037f193cbd1dae177d,22221.000000000000000000
0x248eaf429a3dfc2f1f0c328c0237e80391a1ad39,22206.879491901313918458
0x5224a810138d38031dc7b816fbc9720278874e7e,21441.219000000000000000
0x7c6652d1b8388cc748eb10c83e5add80daec5d26,21224.000000000000000000
0x261045b1a0b8787792d0db4f46091ab84f158239,21024.961164028725302294
0x1eb15f47b6344f53c965edc377e102134e7fb803,20901.000000000000000000
0xf4544e6b93672799a304436abcd3a8a8af07603b,20320.539656038301027278
0xa4c314184ffe7fecddca0458ae314b39a51f7265,20074.573519878269822724
0xbe838e1f8da9f3634760f6200bacf23581fcb251,20066.132046293229733335
0x5d704730583d439e67b0f110df1215437c1153a5,20008.853263175358689089
0xfc44e5987a426bf62db1e5aca976be27ed10e097,20000.000000009998114814
0x02be0d9d1d0f0da6a6f2e80f15a670eab0f63896,19824.958969657058483557
0x61ae35be08ea92f9263cdba2af0dbc1d4861d652,19768.318927715461821229
0xe04c0f38d0a271de1ace658dfc26bf3b4e6002d6,19226.942292960692914284
0xf019dafaf8b0371115987982d5a821899b121c8d,19180.244987544115843345
0x3fd0113841bfe064cef47e6ed0e26871fbef95f3,19006.133047278880583997
0x6abc0cd67713a75a53fd23b541b1461c468b0c53,18909.770619764852216200
0xefe5ba26500488b01b01602e400fd1fef2b51995,18690.341718878151890305
0xab37365f0823be82d994feccd178c4e67bf85d43,17919.194061890280749800
0x0d5964288b861fd1ca4eee36ba751f42c2a4b389,17537.069891131913888206
0xb41b40bb2f11e43de9bd98773b5264b60ca80e33,17171.779020470904003097
0x663d8e60795b6d0fad4b6968a236754821a8f899,16633.554240140000000000
0xcdb2b0dfa2a9938b933e2ebdac90a0103969a3bb,16010.436011099955550392
0x09544e3e1ef133e3bbf2b2bdf09c25e5be7a2ce6,15070.884136144363245878
0x012601876006afa5edaed3c75275689aa71d8cd2,14999.999999999999997910
0x7a76cf639deeac3e546ad99f64e6c9431d966bc1,14900.000000000000000000
0x87395a1a46f75c206d09f18b988c72accd939a78,14733.000000000000000000
0x27b5f2f3c286cb200817961d73dcc01faf083635,14263.469346382074619558
0x0232366a061e8c0d424d09017bfd606443a0d6fd,14255.611848024033246331
0x93c027865354e96a1e9ec69fc8253e6d49013f82,14000.000000000000000000
0x4bec0e0c211c849763b0b9c37b4b879f1a106d87,14000.000000000000000000
0xa74f89b540810718d3a26d9f5d4ea64bfa653af7,14000.000000000000000000
0x4641beffd7a3eb375a963003fcacc298ae589712,13875.940047742711188310
0x7e44f3d32c23f44e83bc194ec6811d8ddad507b5,13649.333302227004976247
0x9f619b91c163f18e664f051971a3875e79cee885,13450.498517700000000000
0x42c13f83e669e803fc954a8d63527774e435edc7,13413.000000000000000000
0x9f8de6a1522fb1310f388c1642c17cbe738fa999,13394.979874043779533622
0xb7bb1cf95d1a2cc29ec5646ac728ef0e107ab59e,13100.100337728444812328
0xc49e9be26b96bb4c6539d897b81c92e63a7964f7,13065.398110958516296771
0x74443867aee8fba7bda45a97a85df159bffb4bf3,12717.541962450033335580
0x2aadc4858ee9da66c3317c7a5bf328f421c3a4ad,12328.498482812450762856
0x7e219a3de5731aaac1a6de99b10844b66fbe6281,12000.000000000000000000
0x344a5f7f9e3105754b3056868c932c55eab3a642,11289.136959059905949634
0x69bc6d8ec6eb412dd12ed093c979835f4dec6d96,11197.999999999999996095
0xac35d74f53b7dc212ed9c2879e6598910bb7f712,11177.178649744643833046
0xf60cc9096086a75dc6c9c1c3704a2c14bb80d12d,10999.999999999999997910
0x6be5cabdb765c3ae0174b101d23abaf3a660ba87,10619.723691176091044374
0x35d001264638909749321751461afddd4e116856,10509.392442841299648344
0xde0f9631af47f913c2a8a296a0c01bbf8e6ebeb1,10505.178344071278166689
0x69cf0e16b2b5a4d4c92316c4727f7c0729061b6e,10368.986717893599468549
0x8cc533bb8b42d6e60c0c8531f1a01b4f905995a1,10200.000000000000000000
0xe618050f1adb1f6bb7d03a3484346ac42f3e71ee,10142.963213143096602926
0x602483a0cdb6b46dd45cdde0959a2a33b7c50aae,10117.009233847148625477
0x405f8ccf4eb92e442e30d51b145eeac65231132b,10029.654617530938418261
0x65380c8d0a67641026ad23a779ce39a57192c90d,10006.960000000000000000
0x9f54bccddebcb5ab396a67d16c50ee9647d15139,10000.000000000000000000
0xce8dc1d4661ff4d5470e780ba92642fc026998d9,10000.000000000000000000
0x611eff619f1ad3e359823b661edaf224452eec14,10000.000000000000000000
0x8599e6ea518487109f5cd70fc973443e85b2f5ed,10000.000000000000000000
0xb1dd911c035427254648b0ed5cc46597af740779,9700.096827952180329122
0x327e6859a0356967a421d688bbbad92764d2b186,9523.843365325558605121
0x942c82b1fa3cfd5d383e30f27ad6144e9da2f9f6,9390.555322750154152479
0xefc3f2fa581a2ca322f21bb1f82af99226412c97,9125.290728109480948716
0xca5ea0003799f22c15d51c223e0e09dc88577b6a,8990.000000000000000000
0x71a7e403fd87595123504c904af6cd40ef09866c,8942.125432838854648997
0x03aa022fe6acd83e2c93f37c5d1a32b32206248d,8894.627168899999998240
0x2387c42d215c81252dd3c8c25d703e994b570483,8856.850439181275734939
0x622206204e3bc0325d93c153600a8fd35ee68de9,8795.765951449443134466
0x67d4d199eae0e79c5267862ca0d5fab70e7d6cb8,8639.599537182838451890
0xd852b24853a32bc225451b1072068f1affa207ef,8417.430327260905719220
0x9b56f4ee2ff473f5761fd7b819627554a55b4048,8407.697464484421562125
0x801dfedd9344b64cbccb841c1a1aa7cd64163fed,8029.590770922733546209
0x7f7bdac68fd900ed926dcdf02227f3984c7e64dd,7909.299999999999996535
0xcf06dfddb69dc2635d9d5e3586d935211443020b,7711.250304059963127553
0x0599a7bf5c1f8c731fc6fae05ff9daf76dcacff6,7687.211147760864822790
0x2b92f5fe76bfbee017d6501c98179fbb7e6d95e9,7420.327345918528728793
0xc60fe81db2def0e54a5ee45bb3666aa5d913c5f7,7032.612148862262762668
0xc74399bf554d1b482e6f05d0b434aa18fa1de084,6999.056774368681465439
0x4bf3854e23c1ed5d72304a86c85d29640eace788,6603.660019009906573006
0x9c813b5836e60ea52ebf7a49ee2f62e8f3e5200b,6590.215857562553028696
0x1f3de773d8334a1d66630f1d08bf7666d8e55391,6583.634578449321188817
0x5b39b7f6cf23d3f5d5ba2614a9add4dd284dff47,6397.080670337001138251
0xb835490b75acf1c9f7a1df3b9b74983f555dc778,6325.127314043041037396
0x1ab7049ad75434bbfab63ea365fef3613b68ad91,6324.571464093645199222
0xa983d376c9590c8e7bba8556b3914c194f07d9ea,6129.874507193912495189
0xfa71c84f59f28747e2e4062ac26f1340c654566e,6062.438026778169251975
0xc0ddef68bbf412b9a38975be090b0f0cdb56f956,6016.985360000000000000
0x0c42582574f8c7caeccb70a3b9c8d71f9f4b114b,6000.000000000000000000
0x9b344d14f83ebdb02758751ffb605a8c5f240195,5890.527970033179050587
0xb379ca5607ca05e547da57dc57d1081e2d4a4be0,5881.001603143117985376
0xa4ff7ff49d447c01e37aafa89b27c15bc76652d3,5824.773847010814722226
0x81a5f5550c14a671cb47db08594bf6549e699d74,5771.057851666666152111
0x380604e85e772f51014636aa72b107f163609dde,5695.798761354933447515
0x041d5bbef8e348852dbaf630eaff84b28c8a962b,5642.929112091231617297
0x9ec376790deb8f467e150d759ee5289ca0328e6c,5547.450000000000000000
0xf26f94c09ef6db2fd881559e35deab1977dae398,5500.000000000000000000
0x5f1dcc33004ac2d8c1eaf27168083ed189888060,5492.010436504583426944
0x280d86a82ee4fa0e6be9582daf9430d9bc64fae8,5400.000000000000000000
0x44094beffe3935ea22cb14d97aaa3044c09e0509,5310.000000000000000000
0xb9747ba3121de8cd28eb03a96226a5c95e7282f6,5290.999999999999995600
0xa4dcd70a4df70950a388a4b96003924bb7b8b61d,5057.444581641462391308
0x2948e9af4c898ec3ee4501ea381bc08ea96a5db6,5000.000000000000000000
0x8858f5d73b7f5745fa6d4df1bbd3b9e8e0a9bcbb,5000.000000000000000000
0x7baa47d00c901714a45e36cae641ac7f62934623,5000.000000000000000000
0xda4262b7f91f54bc28d58be95b3122971eb4f5d7,5000.000000000000000000
0x93ab262b5a44a820e870bc685089c52ab38d9e59,5000.000000000000000000
0xd74d2f293e13b25c8dc51707901eaa401c7e9a59,4995.900000000000000000
0xfe9c620755c8f6bf9761e1fce4e40944ae901577,4815.295604327793092560
0xb742735af8550dbd6f53d6ba5ef6251fbee36099,4813.397075608603682100
0xf430cf53338128ffe0ca14df3650f2cf633cc43c,4788.410245784679088485
0x4640dbf7c96e431819fe2c6701745e218c2271d3,4708.580360000000000000
0x1fd18bebcd1dde8be03429c31500a528cb9793ed,4619.765784743128692344
0x948a1c16fa061f5d21dfea913eaf869be00a4883,4616.953356298653171271
0xa99be17f65f8522aa5e7d414281dc4a69b73b6fc,4515.597883954757560138
0x12839c198960255fc47d57c0e494f635e7c5be00,4504.509908111411944563
0x25ed248aec79407177f62b273238e11a656b9d64,4500.000000000000000000
0x3db660d7ec5311496526f4c0f449f375ebb27cdb,4500.000000000000000000
0xa6504204daf714706aff26b86d9502c9a692e6eb,4500.000000000000000000
0xb71b791c56efa4b7609b6aecf1f6b3440f186578,4478.974290916312777115
0x03e9415ef1bb03c154d051779131f30c0f9db3e2,4399.999999999999995600
0x1bdfdeb2a81f23623589d0cec09b1461c06695a5,4353.047997552338293594
0x7935911d0fa8b78271f3ea086e998916a8cd4209,4331.775659430470920688
0x9b2e3525a6e707ed2825e39ece9ba46a7dbd7a43,4287.953586526753969602
0x135f2111a49624e797cc88468b9b3ec841466b76,4193.701892250724246510
0xdfbf238239d5218ec771de4f3cc2a381792a27e0,4163.925817569107899265
0xd3fa16517fb1d295347a40471fe86e4a55f9f786,4000.000000000000000000
0xf9f797923d6862330cb7a3de5d301785552a1924,4000.000000000000000000
0x784ba3ad7b3036a7765c504dab038f7f7350763b,3993.987863895417190231
0xe71fb6df710df03fbe8f7783236dca1d2dc6bda8,3988.035500368186491304
0xc2a35cf982699204e893e1b128692f421fc6ea15,3929.257628613540539821
0xf528a0c1039f015b3c9ac265f00613c1ea70bbb2,3800.000000000000000000
0xf648ffda56034375b9c87a21033dd765064a9b1f,3704.540000000000000000
0x2d6ab54b07a9da94044fd8959574ac2b47fdb4ce,3694.675408519710345637
0xcc0548d03fa0ffc0174f73143eaf3bb54c9874c0,3535.663621333598360429
0x637dcd707a07fc18bc6c229206c50e9d2d145486,3500.000000000000000000
0x4831b73ee8feca6c8e5d196c070044cc1d63e249,3452.405565394786607297
0xeea26d02a08c1be22e4468d08f3be7a49a815607,3366.000000000000000000
0xecaeab4dc04867c7e69c3b856d3c3e8b702123fc,3325.339304432817038393
0x11a602ef01a1034acb2845a514915ed0a426eec7,3314.806841456948077843
0xa6ad48db83ebf56bd417e2ef5a851c2bad3e2c11,3200.230000000000000000
0xcdcaf38f5bb0b2b41ee37dc9b6242c8784f6aa04,3188.795720000000000000
0x7a9767810585ecf7af8487085bf2b58a83fa1c36,3150.000000000000000000
0x741f0031457111523308845f15a47d3321ab710a,3072.761422078328019540
0xd6153cb2f2036b7d5f201912d612a5968f36a2fa,3048.545343440341124474
0x589f50795efb3a7f3af9713173baddb46c16e4dd,3043.000000000000000000
0xd9a6b39623c6fa76f69d8967118968487c6b8e53,3036.585106713701162427
0xa70bceaa99da8cf2edae5b17da79607cbf6286dd,3003.479359154922016648
0xda876824ff25147ec0b91ea3eb2522790de0a9a2,3003.111332600000000000
0x9f8081e1d884a8bae70c7bd6e0c5535925454265,3000.000000000000000000
0x726a64abf24c6b43985d37f021ee62d32ccfe147,3000.000000000000000000
0x009f7cd88fcaefeb56fc2c00be4f50ca8fd6d0da,3000.000000000000000000
0x9cb6247bf9e22da514b1b32acae28c560c73d848,3000.000000000000000000
0x52e30504be818b089c6f972a9daabaa3a93f0741,3000.000000000000000000
0xc2e97ae6ca9aafb19ce0b8bcd1f4c50285db2377,2885.232527202851827467
0x648488d142a1e51c9ad8024ce7b9f1d827dd30c5,2879.999999999999998790
0x3cf0554fe4b1f23d0523dae8b67bb18b7f986a6b,2700.000000000000000000
0x1bb85b13c8c7a2eba8ec83687188b45716a966a5,2694.791531845958002567
0x2736767b07239e935e8678446a31eeeae735f5bf,2639.140562001002160920
0x17436f73d74cf300f855e91364233c1e8bf3838d,2634.304769690786190258
0xf6bed2bb9ab681b0b736f347351faca63231e84d,2602.542930432870472223
0x513eda11dbc27d0cecfc26a0addf425f5e41d194,2584.648572958305906735
0x29dc80bcd28e91c9f4ce4c24a8cb42333641818c,2574.665652993203427072
0x33152b0176dd5b08b523838fe5719e78cfd5b63d,2523.945897448943786050
0xc56aa3aaba0299a6e303b897181efded53ffced6,2522.225162101764754193
0xf74e806568a1b7e3ec604bbff7191a839f94cb5f,2516.146916376659792648
0xed8e6e0f81932a33f637ae77827fe76d1b8a0b0a,2507.646175000000000000
0xd0e8060e52d8c23984f22ac899d18fc53aa8bcbd,2500.000000000000000000
0xe497eb7b23c788c7b8c1dfb7846c782f0342097d,2493.421392618667784474
0x9c52afca38083642a8ab85b8d44f5476432006b0,2472.897420170000000000
0xfb830a2611b4797519a9ebc947190a1e5ada6390,2434.050000000000000000
0x53f5f6caae70b821f782eab14c013ee1312b63cb,2378.196454099700350460
0x0e70db7cb5b24b9b2de49a1aeda12f3a3b09d804,2354.755943569068081881
0xd0529b53bae79ebf00e429dc74c897fc372f61de,2351.439062899919176860
0x8c1f5e29b28453e0fc567246a68f6681897dd3a3,2334.907221647445905822
0x6e68800d1294e4cbed7eb785743e26b2e75fbe62,2312.587500000000000000
0xbc9c7f5b3eae3c3cb6d3ebb881a0b74960a61aed,2277.360102156032548372
0xb7688ada3ce97efcd978054aad8d3f8ebb36e68d,2255.352066000000000000
0x277fd0793d7d695450e5aedbef94835728ac50f0,2223.645340521140093507
0xacf5b009bb31d103938f0cfdb181ba7c417f69c6,2222.682389675849612949
0xf892fd93152a012a33b4ac2daa2629272334b1fc,2200.000000000000000000
0x9494c6b8deb9e790001374087e1cab486e1a210f,2198.297899599999998625
0x38fdb5381f0b657b619d171b0ded510ea8998ef9,2144.999999999999997855
0xf82148ea0eb1c7635364574c018cb01d1411c6ad,2116.142708692899163762
0x638a3cfd0f38c43dfba57e615585396e4b7e2087,2113.575728016464799605
0x1f903ddf247f365213a11abbbd28dded5066708a,2103.772582933801208618
0x7fcd2dc7384b25c57c9199f8db072b27cf5e77a3,2100.000000000000000000
0xea80928510d054dbcf04baa75317704e9628d26f,2087.864304393665017678
0xbfc971427ef60c03b556752d36817dddafd71127,2024.383765893003909700
0xa01664e931e2a76314daf0d871d8d40870c775ca,2000.083920485937915657
0xb975ef9fd04b5aced3b5e32aba9ad57ddfa3e078,2000.000000000009998900
0x7817a13b97f59d169ae474853d1c48c1e207a2dd,2000.000000000000000000
0xf7a9a505052f57960ebf49193ec751380acb07e2,2000.000000000000000000
0x7d000f237d74313038fe7d0669a9b8c4f225727b,2000.000000000000000000
0x4f1aa88726f1c5d033ba774164fed61093a1234a,2000.000000000000000000
0x6b82694f6b9254da8cdb11be621f30e04dab0fd2,1987.000000000000000000
0xdf1f542d7da5a8f552f16605f27c4da399b78410,1984.942340203878740827
0x81f2d0de436a0fc18affc050c1d7f3cd83bb6091,1983.432372811366525326
0x0f4cd6be5aef5857352e1c6d481f4c2c3bc9c4fe,1980.000000000000000000
0x9fde3a0d6acdca61a945a9c83aa36bcb5b44242b,1977.252675000000000000
0xd44b930abf8b03cc983130f75f834252c19a79b6,1960.000000000000000000
0x0f2499f5f6616fc2b1383a5db73f5a6c79af39f3,1899.999999999999998900
0xba611ccdc5e02a7d593a9d57940ce2aed2be5b94,1877.738668628281897476
0xdf7d2e6b0cf5f2626b09006706239ab55ef7b940,1846.222197779273086211
0x3d9f7163654541b7da4915d3c0f600b00bf4099d,1832.488528354153207055
0x056c42c40c9430d164a2efc3671163f5178fe227,1789.699999999999995270
0xfda0f12945710426618a10b68a16b518ec857f5c,1782.572744492074568836
0x8b064558870abfe56753ce34bb97bfc9a37ddf78,1757.121177863948111349
0xd9c44283f00465a2f247d7fbb8c198276cef396f,1734.253714597102619161
0x2baa477263649a311693a6d6cec3414620d0928e,1706.016230537863718169
0xe71f03aa09c0ca99f222b018ec0e9e77478f2294,1665.388823458891021712
0xcc6b5a25f0915ab4a5c8007b5df0e6c3caffb5f4,1660.000000000000000000
0xc3b5e0715abecdf61e5068b8a59d245e4a4ffc7e,1578.002778741955984343
0xc864b9124ac150425b3c54e2616ac7fa652aaded,1564.726478000000000000
0x433532a0c6cfee0d22e8e677971ec8218162e2fd,1500.000000000000000000
0x7398401bdbf016c416e905ca5addb97a5d46723f,1500.000000000000000000
0xe4ca5d58018ac3260c5d89374e985f97c9cc2eb6,1500.000000000000000000
0x21745f6a156cc22d060b4e5062f6584ce5a7a793,1500.000000000000000000
0x304bab45492bc446077886d5ead41736514e4318,1500.000000000000000000
0xfac6dde4b5cf2604746f9da16ca89877a00bf110,1496.000000000000000000
0x4039db8882371978c85bd4f410dbecf5b770a9f4,1480.000000000000000000
0x2e766d819035a8493c971afda609fbcde6abfe23,1474.490915578417610898
0x5a29dcdf747815ed5f90312755be62678048b697,1450.000000000000000000
0xc57b363e5a14637c98a3f7c541c0f45d5fc99c0d,1429.999999999999998570
0xd2d083b45743579474988c92540f1786f60414e4,1427.013959479821614615
0x37815e3a89029eadb1136a5f24653a48376a0c7d,1419.020866699198221483
0xae1a1cdb13ec86506831531d9e52456b2c0eb625,1407.913266354949058109
0xc6913bb0c0dbb6c02e6e6122bded4103970732e6,1400.000000000000000000
0xdb173800291b08bb64b7aef08242f86e5fb001b8,1396.502553601604291011
0xc765b123b8b0c3db4dc054da944cf5c3aca22e61,1396.287470355781143102
0x82fa9193b6d04e4290bc03c23df6d7d6e37a42df,1394.003837385403917739
0x151661200e7ac17fd43efa6ce96b6ac55ff8a086,1350.000000000000000000
0x5dcf4010ad5141bc8490a287f2d9823bceb5994b,1278.814931678908267071
0x84152cc3b560a1deaec0a87a1fb29466d429c6c2,1265.714077032264551147
0xad76f8585a72c0d7c4579f828add6dbd0239f058,1265.209142510729791575
0xfd63b17555219c0e49bc23e7e2503ced0c7703df,1229.190852782138265720
0xab62f3e5926dfb8a27e8247c4b743792c0387070,1200.000000000000000000
0x928d02bcf6eb26e9c35da5b043025ab30a0ff589,1192.597643700000000000
0xa2784b767957b9358c452f63c45efeff7d7cf138,1190.103858629075330024
0xd3b0be53fb5e5631717c5b5e92368e4a4d0b2a77,1130.000000000000000000
0x33a5d9a07fb0e3b0786d98b4e9e6ce832667ea74,1115.992665512653036682
0xa5c0bea73913d11aa860005f30b4b4aa82506187,1110.999999999999995325
0x248ee97c392ed1f1b0003550a667b720559e186b,1100.000000000000000000
0xcc06bdea7d8db29a32f385b408bf0b545e82c8ae,1100.000000000000000000
0x67ee267ff3c58d4248ff4ab2a0d44ee1b9289d69,1099.999999999999998900
0xad9ffc02fec8ca36456a48d8bf7a2e654d7068da,1099.999999999999998900
0x1a05f761ba04e98011b973516b9f47fc474ecf34,1099.999999999999998900
0xf5d80973cb36299c798ec696ce9d6811592889f3,1090.000000000000000000
0x679a5d286ef5f9c921ac41bf1abd83c64dff94b3,1089.748434803137991607
0x5d8be4dc2cbf4e064fc88134498ef29cdaedae5d,1089.139000000000000000
0x51461ed1a13c158a0716b387b62d892937c7eeb2,1084.188643779996214809
0xecff6a6babe5ab78e3b4e16532da74c275d7bd48,1050.000000000000000000
0x1bf676c9746c08d67e58df1d9846416c3e9e0ced,1040.000000000000000000
0x753ff020221455ebf564dfc3687732b2e852bebc,1034.635000000000000000
0x6e2f3c3ad8b28a2f05fd38489ba4e27c3cbd381a,1010.000000000000000000
0xc0a4cfd0833d315a88ff26bc90245bda9f69e8e7,1010.000000000000000000
0x217875645479fc27a9f74dbbe0b0f14030d7aa79,1004.792870000000000000
0xd1d9b59292eef717b3c145d182dc32b67fd3faab,1004.000000000000000000
0x303994279717466d68c14c65bf57c704d03ed665,1000.999999999999998350
0xe6a09a8d0c75513c544cdff2bab8969de0185409,1000.354047949982747857
0x14d763ac490f58c439738e0858f038fc2e4cc0ff,1000.000000000000000000
0xd7c6a86b7d67c363176b412ced35b7ed84b31092,1000.000000000000000000
0xf9dd9e7f8fec548146a4a1217e4d347428d73b1e,1000.000000000000000000
0x337696a427c76c2b7c46d3483f14798cc5e30d05,1000.000000000000000000
0xc2cc9400ef324e79880c82f40c258917b7357354,1000.000000000000000000
0x438f042c02fcb79335de037ff612f4f4b7c02861,1000.000000000000000000
0x7ab70fc6f222682ad5147b4062953db42d6fbdc2,1000.000000000000000000
0x0a592fc615e78555268d8ee5e4c5d51432fb3903,1000.000000000000000000
0x50f2ba8714282b88505c1b74fc16f3160970552a,1000.000000000000000000
0xa05710b9db8b062f2cc9a3563fc5120419b2bd29,1000.000000000000000000
0xbe990e024d9b62b0ce6523e93685d753f398c74c,1000.000000000000000000
0xfa91f3b524341b8e04d6d5f12fea3a2be9523a33,1000.000000000000000000
0xc6e2f5af979a03fd723a1b6efa728318cf9c1800,1000.000000000000000000
0x31e6916c074e78704e81c899808fc9becbf85e05,1000.000000000000000000
0xd765c5b0b64875393f27769af380ecde18538766,1000.000000000000000000
0x510f3e027d96ff64c679884e8e0242625ec515c4,1000.000000000000000000
0xe652076b2c9a3cf96966b7014159d564d2cd5bd0,1000.000000000000000000
0xb23424322720faac3078ff23aea83fe2d503542f,1000.000000000000000000
0xb9bb3de3822cc38a3417850f986bc99beffd77c5,1000.000000000000000000
0x746328d8800776eee71e0f8a8f6a349c8b1da167,1000.000000000000000000
0x0367d81ac12d4f23a8154374c29b40bf3d6a2402,1000.000000000000000000
0x281d523497eea6ee0a4b5d3666b942999ef2ca10,1000.000000000000000000
0x845221766f7acd97b14e071f7b892375b9b1db3b,1000.000000000000000000
0xc7b724d0d9ec56a7b6aeea32763c428ab314af19,1000.000000000000000000
0x7f8a02c1d0d76dad1c452a74cb1eb9e74d2ad824,1000.000000000000000000
0x36b290af9c746d08de402252bd303a4212bf1a17,1000.000000000000000000
0xaf2de749e57b6217d96105014834d22f00679dfa,1000.000000000000000000
0x6cd4316a73f20532a616696d4816dd448f472a05,1000.000000000000000000
0x663aa469a13db3fc62d35ec3246e9462f8cb4c1a,1000.000000000000000000
0x5414abf0082d195c2383adefce022ddd568d8d4f,991.744006120000000000
0xfe34c34c1a9d9f0372319b1ce22b76557c98da19,990.228230245821373597
0xc9f3edb64b7cbd5691aa709a3fc4717cf67d63bf,990.000000000000000000
0xa2dbf4010f69270fa4edb2a50539d503e4325902,983.563881874501646000
0xe593cbd0044353d290b07ed8defb0decd2556c51,960.503557000000000000
0x80f9764246eea095708a8dbf75951a984fc8f66c,900.900000000000000000
0xdd2f42b3368af3be3ee7cd4490e44c0c3b4f28ba,900.899999999999999010
0xdb1ffa285bf26f802d796e0c38c48bed12e53f99,900.000000000000000000
0xf887d4e93a7c51b43efeef6872daa635bdd5835d,900.000000000000000000
0x77893969861f73b274e9c63bbe9505a64dad05cf,900.000000000000000000
0x458a6af3c2c5a5d0942b377eda5f1eea4020d486,897.864306432949805572
0x78353498a7c2741d52de5ef45e58bd17148a6297,892.577759638820271300
0xd44c66379a6e914c6a862970a4c068ddded94aa4,892.431642782068454173
0x2c0c7349f6bf53990762d49546bd9dbf003ee721,885.313627000000000000
0x68babf3ba84e7eceeae5f924aa426d5f70ee83c2,883.874234154977431204
0x6b3d49386770466dd553d24cab2fd1fb9e44fabb,880.000000000000000000
0x4d648ee82c4d436d3a1982364ccbf93141345cde,869.929543570293190445
0x98419af33012836c6a57f876a7b9e2a9d21794d7,860.000000000000000000
0x4ad84fbd771ab2688e1a391af8d51e4b548d5c2a,855.362328002782023053
0x0a0bb7d1b8e59d58c60773a8de2b894c8a4bac81,844.966615721368120524
0x398d72e24237bcb8b361b453cac4b514677e2d7d,835.535035786810124629
0x0b4f7990b502409495ffb97bf395898a591c7576,825.000000000000000000
0xae7ff4b115d52b45e7613251441e5e97eb039005,800.000000000000000000
0x8719f35f35533c5cf52f14dd5a86dc2bcde2d7a8,799.922925996167538793
0x676ac0b3ffc808c840f464bf509e76a8b2105700,760.592147533386820699
0x5d091e92d2bf0bac257f448be6108bd2994a5aa8,750.000000000000000000
0x87e46717902591da293c8eb4428f5549f74f02ef,750.000000000000000000
0x0681e0ae357ad2aa0b9ea26b826aebcceb2d1e64,750.000000000000000000
0x414a46a8c33c53971145a6f8798c9fa73fbf37eb,740.608133511108903590
0x24bb3fae6537dddb6caace32a074815336b33494,705.731040000000000000
0x68fc545bb4b26e801735fbb57a470247d744b843,700.000000000000000000
0x1a0462a5be369fbc8bf728f3aeb1e77156392d86,696.191205000000000000
0x67d6693349d0cce83019b255de5516d384003239,684.076078021799616116
0x6b6fc0d7086f0f68fe35279e64546af85e0e6165,675.000000000000000000
0x645139d88fb4b5c284c536f35ef01580b2844d64,670.000000000000000000
0x2e88ca0b6398b8feaf799eac4551b5932fe063ab,664.625908919456868954
0x32a217f47cbaaf38ce83746f01cb29585d2d2d7c,660.270588000000000000
0x4902be153b34bd82c8c99108aea99beae80f4c05,657.162710000000000000
0x48d23b0e1a23523650492f2d182b6e46ec94cf5a,654.791253364174422509
0x6ff4bc2d55eab557f5b1b54fdf4c7fe0b2540eb9,651.161430621314126524
0xc6b69ab6898b88d50216be6b685299c8b8ca7f40,649.999999999999999350
0x4a9a41fe5b3d612d4f8bebffb015197c6392735b,645.193329457471551425
0xcecad74221fa59a72519aa5979800a9903e0de9e,625.738671000000000000
0xa8b1198b70e68d285e7f5e28f6f05e0b54d93688,616.180756537623576300
0x34fa9f8c69e4e280ef02711c3e40e2975bb705af,600.000000000000000000
0xb4d282f58a9728260ed39da7bdec13fb64f41ee1,587.730843000000000000
0x2a8de71a2e00a8d5c6f13e667fc5d29e9d7147d5,584.685394461569989541
0x28e9a0cde998cbf02ae364f8de3f2716eb22d50c,582.999999999999997635
0xd58bba9226646e9acab8fe9aa33eee35316cc7fb,569.990995000000000000
0x5ac3dd6719c492645a253ffb428a4f2bbc021bd1,560.000000000000000000
0xe114e90fa6e8756ed60adf9d73aa0a2d92ce1aa9,557.723168073687293689
0x2772d427614d1b16b61208d1336051d4f01e9a51,555.570011988812473436
0x34ed38907c1ff4210011d578efe1f95486da84ea,546.230717349928342613
0xe0ce9fce528a73fe8e6235c273845c51a6be7013,540.000000000000000000
0x4bfb5b03c9105d868d29d767f95c2224a0943e49,530.000000000000000000
0x252ca83bf7b92782dd8e43ca72af9714eb79e2ea,517.849940000000000000
0x21aedec53ab7593b77c9558942f0c9e78131e8d7,505.999999999999995930
0xa4ce2c423c262b473960b9195d135b3afc914d48,500.499999999999999945
0xe120c67a7662f55200405c8f840ef476bfc2cb9f,500.000000000000000000
0x77464afa8ca8592f51cdeba44e5c31ee3aa50d36,500.000000000000000000
0x9fce1ff2ebc332f9de35dd4ee97a36915f30c327,500.000000000000000000
0x314e46c70e9085e0356565ca262c174817771e14,500.000000000000000000
0x81e7436ae65a5d3a35793ff1b5dc82e3b12c9a68,500.000000000000000000
0xa1bcf2cb42cd36178bf774da1ae10fcbdde84366,500.000000000000000000
0x99d343adde77dce3ed2a68f21df10b0a8c7ca838,500.000000000000000000
0xa9a8f8824b7bc68f745acd8199b0a17bd61a6235,500.000000000000000000
0x5c44d710a75051659a22d45109f9ee67edc1300e,495.116168908340321428
0xeb47fa16f2d2c911cd615124776fe0545f775520,487.023185316845577103
0x3042536ba2019f824da2db1756b35cadd83b7251,451.943542534904847913
0x117364c0211ce57f4f732fad850f06777d444c56,450.000000000000000000
0x5d30e56a435f54e584f5c93be50f6d57da58f890,450.000000000000000000
0x6e71ded42edbc332be2cd381da23ef78f1094340,450.000000000000000000
0x315d82545b367519fcbf1f09f063b749bb332b2b,444.541280159604352660
0x146fdfa37c86c3c3abf44c498a3f7fe5357fd7e4,439.597603087352767295
0x902f26c5e8834f138499102e76d081710c8aac39,410.000000000000000000
0xd5680ded600f9df4a6e163b868a927301270903d,410.000000000000000000
0x66de7757e105b1c7602289e37eaf9c8c311f4366,400.000000000000000000
0x66ca4b69c2fd8ebb3c6d71b7f0b4f2f3839a9920,400.000000000000000000
0x26e4a346b3ad4fb1a5f0a2c9c820d6bef25bb0b3,400.000000000000000000
0xa20510d37b1f01e84c5c170f0246f9b8bbe4c09f,400.000000000000000000
0x6bd5dde8717290fc2cc767b7628fe197a3a58984,400.000000000000000000
0xc29ef9de9d66812b6a33a65b272958bd408166cc,400.000000000000000000
0x6f3ecc871e7c321204f0bf376db0f8d37ec2cc53,400.000000000000000000
0x4d5221978ba31a0ec5b0ee24ab7db9a87301320b,400.000000000000000000
0x9013d031bcf37f5f57c3e6af9a87f9eeae5234e5,397.648589362494456028
0xd039968e46944d8b00c0a23e56a6ea66efedf9d7,386.547550200000000000
0xda798fcad71b4cfc9a87701a5a7b16246f82aa2e,360.000000000000000000
0x08252fe263ac2774863d15bd61ef5faf3aafb7a0,360.000000000000000000
0x4dcb8b113da4472284adb02a0a180a3a73044ef3,359.879400000000000000
0xab6f18d4dbade5aea94e4f0967d2a2bce6aa447b,356.785714285714286606
0x3240b24d39c54c22b25215c1ea5fdeeea7e4e357,340.999999999999996095
0x452f669a5474961aea2e0e479f04d726ada93a2d,330.000000000000000000
0xfdd394e7621273b0704395b022d10882a4c239c6,300.000000000000000000
0x155501b7b03cd650f1ab1e0f128f99886e2b01be,300.000000000000000000
0xe344ca5ef86005c0c8c7c8dd74ba3d940d54051b,300.000000000000000000
0x317d8a42aa041a4cbb5b9875c0438a05abcd7b25,300.000000000000000000
0x62f1a679c6dce29da3b9722c7baeb824b1e39d3d,297.693675000000000000
0x52a3a7d1d84772ba1384ee0385275fe16a8513cc,277.648668891579813733
0x3393b9542ebefb17eed1c2465c51b3aded9ca319,270.363784259297997280
0x1e57bf2aab3177cc18c26ce9f4e99ca41fd9ddd4,270.000000000000000000
0xd7a6d6d4e803c16242638487a4c488e08f34bbdf,269.857100000000000000
0xfebc300c1a955a30870282e1b1aa3eaca7196c98,261.373520026668671487
0xefb1af6ed095dd9977c1323147e0f1c5b657dec5,250.000000000000000000
0x1e1b5d602365b0fe6931f2f5a62408d8e8c315e7,250.000000000000000000
0xd1587965621530f58339c21785031f21d2ed5a14,240.000000000000000000
0xd6a3e83e259befc5cd3e58f9083ec4f80574ae37,233.690877080206256476
0x9c715848270eb233bd93de9829011b687547391e,232.978800000000000000
0x0c3bce59c29d91b8fafb5aa8145b67e2a9a1cfda,232.322502254904617585
0xf3949f6e27dfecc5fb40eff08e697a32fbff15ad,222.982413621458140705
0xa19367978267b0bbe16ada4f118100c721e8bde8,220.000000000000000000
0x86aa562ffd58bd924299b27520cd6121bad577d1,200.000000000000000000
0x9d2c41ba3f434d26fce81615424479b4998c0d8e,191.944645758281807545
0x54715b6451a6aed81bdeef4605e0ee5136d4ff80,186.999999999999997140
0x23ec7e7695c8599736b8def7e41721e47eac7d87,163.550200000000000000
0xd1c1476d0ccf6224780f7ab950534be920868804,150.000000000000000000
0xc8a38ab0aa4f66af58d001354544323874e32acc,150.000000000000000000
0xc7a6cdd57a0795846b55dd9747b4ac26fdd16c25,122.000000000000000000
0xf5d420f33b2f196e9ff072217f2a07e08418264a,110.000000000000000000
0xcb342928a59263c01efda41563187d1138456957,107.231497320300151329
0x53fba4be1b37686450ed6c2c5a932d1779029de3,105.240000000000000000
0x32b8d0effe0693fe2f779ec4fb6b9818d06a4b10,100.000000000000000000
0x0ae781da98c698c10def6ff9f47abd86bf4f36c6,100.000000000000000000
0xa8dc7842330911482f5b28d9f5d6d1203b3beafc,100.000000000000000000
0x70b271ca2414f9db5067b8eac2f7de6a2fac0cc5,100.000000000000000000
0x1101a921286828211750c44708f1e67540bbbedf,100.000000000000000000
0x26c351893af2885113383143fdc03ebd98eb1ff3,99.598052517280232251
0x16851475310882cf7678c372af51dde534c097b1,93.909488000000000000
0x13abcbd2c850e32dd0c06a99ec942420fc7bec06,90.000000000000000000
0xc67f66ac01a7750c8ff807a7675c46de3889b35a,90.000000000000000000
0x43899765c63db2d1b359e2487048cb776f014693,87.576608985449525787
0x47bae63ee852953ef5c7ae1ba9d453cce421074f,82.622040000000000000
0x7e58d2d424d65dd79dd2210cce44aeff47eda3fd,60.000000000000000000
0xdee780fff6c1083844fc289fffba20c3f1348bb2,43.478260000000000000
0x440aba2a6742151f421c0961084a23139e18cdca,15.085690482543853612
0x21ae5bdcd5753caf4fca1798de3b74e97adc368b,11.485704509077446685
0xac17fd9ab464373d5c4e9c485c22d798150ca7ef,10.350030280136064486
0xd43a25b442e2c343dad472a871c5262cca275eb4,10.000000000000000000
0xffed1ac120f13c4b17c8d51c019a8f2b595a3235,10.000000000000000000
0x756d2e5c67eeeea765d6d8fdd280c9339749ba98,2.979772000000000000
0x103b9ccf3d606a820139ad9c5464e3e7792d7895,1.000000000000000000
0x2643c61d9aec8d762920cce6dceee329441f99ec,9.999999999E-9
